Variable,Importance
AI_Adoption_Rate_Pct,0.28058189953046075
AI_Readiness_Score,0.2718523584436767
AI_Market_Pct_GDP,0.2564507145066355
RD_Pct_GDP,0.0835312501003843
Internet_Penetration_Pct,0.07905413284942801
AI_Inv_Pct_Total_Startup,0.028529644569414873
